{"cells":[{"name":{"_data_":"90_degree_hybrid","_wellknowntype_":"string"},"views":[{"name":{"_data_":"emSetup","_wellknowntype_":"string"},"references":{"cells":[],"externalFiles":[],"libraries":[],"libraryFiles":[{"_data_":"EM_LA_Project_lib:substrate1.subst","_wellknowntype_":"string"}],"pcbVias":[],"views":[{"_data_":"EM_LA_Project_lib:90_degree_hybrid:layout","_wellknowntype_":"string"}]},"timestamp":[{"file":{"_data_":".","_wellknowntype_":"string"},"time":{"_data_":1706937495054,"_wellknowntype_":"int64"}},{"file":{"_data_":"eesof_em_setup.file","_wellknowntype_":"string"},"time":{"_data_":1706937494941,"_wellknowntype_":"int64"}},{"file":{"_data_":"emStateFile.xml","_wellknowntype_":"string"},"time":{"_data_":1706937495022,"_wellknowntype_":"int64"}},{"file":{"_data_":"master.tag","_wellknowntype_":"string"},"time":{"_data_":1706937495089,"_wellknowntype_":"int64"}}]},{"name":{"_data_":"layout","_wellknowntype_":"string"},"references":{"cells":[],"externalFiles":[],"libraries":[],"libraryFiles":[],"pcbVias":[],"views":[{"_data_":"EM_LA_Project_lib:90_degree_hybrid:emSetup","_wellknowntype_":"string"},{"_data_":"ads_tlines:MLIN:layout","_wellknowntype_":"string"},{"_data_":"ads_tlines:MTEE_ADS:layout","_wellknowntype_":"string"}]},"timestamp":[{"file":{"_data_":".","_wellknowntype_":"string"},"time":{"_data_":1706937686773,"_wellknowntype_":"int64"}},{"file":{"_data_":"layout.oa","_wellknowntype_":"string"},"time":{"_data_":1706937495137,"_wellknowntype_":"int64"}},{"file":{"_data_":"master.tag","_wellknowntype_":"string"},"time":{"_data_":1706937495163,"_wellknowntype_":"int64"}}]},{"name":{"_data_":"schematic","_wellknowntype_":"string"},"references":{"cells":[],"externalFiles":[],"libraries":[],"libraryFiles":[],"pcbVias":[],"views":[{"_data_":"ads_datacmps:VAR:symbol","_wellknowntype_":"string"},{"_data_":"ads_rflib:GROUND:symbol","_wellknowntype_":"string"},{"_data_":"ads_simulation:S_Param:symbol","_wellknowntype_":"string"},{"_data_":"ads_simulation:Term:symbol","_wellknowntype_":"string"},{"_data_":"ads_tlines:MLIN:symbol","_wellknowntype_":"string"},{"_data_":"ads_tlines:MSUB:symbol","_wellknowntype_":"string"},{"_data_":"ads_tlines:MTEE_ADS:symbol","_wellknowntype_":"string"}]},"timestamp":[{"file":{"_data_":".","_wellknowntype_":"string"},"time":{"_data_":1706937495263,"_wellknowntype_":"int64"}},{"file":{"_data_":"master.tag","_wellknowntype_":"string"},"time":{"_data_":1706937495201,"_wellknowntype_":"int64"}},{"file":{"_data_":"sch.oa","_wellknowntype_":"string"},"time":{"_data_":1706937495257,"_wellknowntype_":"int64"}},{"file":{"_data_":"sch.oa.cdslck","_wellknowntype_":"string"},"time":{"_data_":1706937495327,"_wellknowntype_":"int64"}}]}]},{"name":{"_data_":"Balanced_amplifier","_wellknowntype_":"string"},"views":[{"name":{"_data_":"layout","_wellknowntype_":"string"},"references":{"cells":[],"externalFiles":[],"libraries":[],"libraryFiles":[],"pcbVias":[],"views":[]},"timestamp":[{"file":{"_data_":".","_wellknowntype_":"string"},"time":{"_data_":1706937494170,"_wellknowntype_":"int64"}},{"file":{"_data_":"layout.oa","_wellknowntype_":"string"},"time":{"_data_":1706937494162,"_wellknowntype_":"int64"}},{"file":{"_data_":"master.tag","_wellknowntype_":"string"},"time":{"_data_":1706937494206,"_wellknowntype_":"int64"}}]},{"name":{"_data_":"schematic","_wellknowntype_":"string"},"references":{"cells":[],"externalFiles":[{"_data_":"C:\\Users\\TS\\Desktop\\PMA5451.s2p","_wellknowntype_":"string"}],"libraries":[],"libraryFiles":[],"pcbVias":[],"views":[{"_data_":"ads_datacmps:SnP:symbol","_wellknowntype_":"string"},{"_data_":"ads_datacmps:VAR:symbol","_wellknowntype_":"string"},{"_data_":"ads_rflib:GROUND:symbol","_wellknowntype_":"string"},{"_data_":"ads_rflib:R:symbol","_wellknowntype_":"string"},{"_data_":"ads_simulation:S_Param:symbol","_wellknowntype_":"string"},{"_data_":"ads_simulation:Term:symbol","_wellknowntype_":"string"},{"_data_":"ads_tlines:MLIN:symbol","_wellknowntype_":"string"},{"_data_":"ads_tlines:MSUB:symbol","_wellknowntype_":"string"},{"_data_":"ads_tlines:MTEE_ADS:symbol","_wellknowntype_":"string"}]},"timestamp":[{"file":{"_data_":".","_wellknowntype_":"string"},"time":{"_data_":1706937494304,"_wellknowntype_":"int64"}},{"file":{"_data_":"master.tag","_wellknowntype_":"string"},"time":{"_data_":1706937494249,"_wellknowntype_":"int64"}},{"file":{"_data_":"sch.oa","_wellknowntype_":"string"},"time":{"_data_":1706937494301,"_wellknowntype_":"int64"}},{"file":{"_data_":"sch.oa.cdslck","_wellknowntype_":"string"},"time":{"_data_":1706937494338,"_wellknowntype_":"int64"}}]}]},{"name":{"_data_":"Bonous_balanced","_wellknowntype_":"string"},"views":[{"name":{"_data_":"schematic","_wellknowntype_":"string"},"references":{"cells":[],"externalFiles":[{"_data_":"C:\\Users\\TS\\Desktop\\90deg_hybrid.s4p","_wellknowntype_":"string"},{"_data_":"C:\\Users\\TS\\Desktop\\PMA5451.s2p","_wellknowntype_":"string"}],"libraries":[],"libraryFiles":[],"pcbVias":[],"views":[{"_data_":"ads_datacmps:SnP:symbol","_wellknowntype_":"string"},{"_data_":"ads_rflib:GROUND:symbol","_wellknowntype_":"string"},{"_data_":"ads_rflib:R:symbol","_wellknowntype_":"string"},{"_data_":"ads_simulation:S_Param:symbol","_wellknowntype_":"string"},{"_data_":"ads_simulation:Term:symbol","_wellknowntype_":"string"}]},"timestamp":[{"file":{"_data_":".","_wellknowntype_":"string"},"time":{"_data_":1706937494422,"_wellknowntype_":"int64"}},{"file":{"_data_":"master.tag","_wellknowntype_":"string"},"time":{"_data_":1706937494381,"_wellknowntype_":"int64"}},{"file":{"_data_":"sch.oa","_wellknowntype_":"string"},"time":{"_data_":1706937494419,"_wellknowntype_":"int64"}},{"file":{"_data_":"sch.oa.cdslck","_wellknowntype_":"string"},"time":{"_data_":1706937494471,"_wellknowntype_":"int64"}}]}]},{"name":{"_data_":"Main","_wellknowntype_":"string"},"views":[{"name":{"_data_":"schematic","_wellknowntype_":"string"},"references":{"cells":[],"externalFiles":[{"_data_":"Amplifire_model.s2p","_wellknowntype_":"string"},{"_data_":"C:\\Users\\TS\\Desktop\\Antenna_model.s1p","_wellknowntype_":"string"},{"_data_":"C:\\Users\\TS\\Desktop\\filter2.s2p","_wellknowntype_":"string"}],"libraries":[],"libraryFiles":[],"pcbVias":[],"views":[{"_data_":"ads_datacmps:SnP:symbol","_wellknowntype_":"string"},{"_data_":"ads_rflib:GROUND:symbol","_wellknowntype_":"string"},{"_data_":"ads_simulation:S_Param:symbol","_wellknowntype_":"string"},{"_data_":"ads_simulation:Term:symbol","_wellknowntype_":"string"}]},"timestamp":[{"file":{"_data_":".","_wellknowntype_":"string"},"time":{"_data_":1706937494571,"_wellknowntype_":"int64"}},{"file":{"_data_":"master.tag","_wellknowntype_":"string"},"time":{"_data_":1706937494523,"_wellknowntype_":"int64"}},{"file":{"_data_":"sch.oa","_wellknowntype_":"string"},"time":{"_data_":1706937494567,"_wellknowntype_":"int64"}},{"file":{"_data_":"sch.oa.cdslck","_wellknowntype_":"string"},"time":{"_data_":1706937494612,"_wellknowntype_":"int64"}}]}]},{"name":{"_data_":"Matching_network","_wellknowntype_":"string"},"views":[{"name":{"_data_":"schematic","_wellknowntype_":"string"},"references":{"cells":[],"externalFiles":[{"_data_":"C:\\Users\\TS\\Desktop\\PMA5451.s2p","_wellknowntype_":"string"}],"libraries":[],"libraryFiles":[],"pcbVias":[],"views":[{"_data_":"ads_datacmps:SnP:symbol","_wellknowntype_":"string"},{"_data_":"ads_datacmps:VAR:symbol","_wellknowntype_":"string"},{"_data_":"ads_rflib:GROUND:symbol","_wellknowntype_":"string"},{"_data_":"ads_simulation:S_Param:symbol","_wellknowntype_":"string"},{"_data_":"ads_simulation:Term:symbol","_wellknowntype_":"string"},{"_data_":"ads_tlines:MLIN:symbol","_wellknowntype_":"string"},{"_data_":"ads_tlines:MSTEP:symbol","_wellknowntype_":"string"},{"_data_":"ads_tlines:MSUB:symbol","_wellknowntype_":"string"}]},"timestamp":[{"file":{"_data_":".","_wellknowntype_":"string"},"time":{"_data_":1706937494703,"_wellknowntype_":"int64"}},{"file":{"_data_":"master.tag","_wellknowntype_":"string"},"time":{"_data_":1706937494665,"_wellknowntype_":"int64"}},{"file":{"_data_":"sch.oa","_wellknowntype_":"string"},"time":{"_data_":1706937494700,"_wellknowntype_":"int64"}},{"file":{"_data_":"sch.oa.cdslck","_wellknowntype_":"string"},"time":{"_data_":1706937494737,"_wellknowntype_":"int64"}}]}]},{"name":{"_data_":"PMA5451_simulation","_wellknowntype_":"string"},"views":[{"name":{"_data_":"schematic","_wellknowntype_":"string"},"references":{"cells":[],"externalFiles":[{"_data_":"C:\\Users\\TS\\Desktop\\PMA5451.s2p","_wellknowntype_":"string"}],"libraries":[],"libraryFiles":[],"pcbVias":[],"views":[{"_data_":"ads_datacmps:SnP:symbol","_wellknowntype_":"string"},{"_data_":"ads_rflib:GROUND:symbol","_wellknowntype_":"string"},{"_data_":"ads_simulation:S_Param:symbol","_wellknowntype_":"string"},{"_data_":"ads_simulation:Term:symbol","_wellknowntype_":"string"}]},"timestamp":[{"file":{"_data_":".","_wellknowntype_":"string"},"time":{"_data_":1706937494789,"_wellknowntype_":"int64"}},{"file":{"_data_":"master.tag","_wellknowntype_":"string"},"time":{"_data_":1706937494784,"_wellknowntype_":"int64"}},{"file":{"_data_":"sch.oa","_wellknowntype_":"string"},"time":{"_data_":1706937494848,"_wellknowntype_":"int64"}}]}]}],"name":{"_data_":"EM_LA_Project_lib","_wellknowntype_":"string"},"version":{"_data_":1.0,"_wellknowntype_":"double"}}